117.16657,40.50506,1448343547,0.4,0.0,5,LOC_GPS,GCJ_02,DD_TAXI,DriverNotWorking
117.16622,40.50514,1448343550,0.0,-0.0,6,LOC_GPS,GCJ_02,DD_TAXI,DriverNotWorking
117.16621,40.50513,1448343553,0.0,-0.0,8,LOC_GPS,GCJ_02,DD_TAXI,DriverNotWorking
117.16622,40.50514,1448343556,0.0,-0.0,9,LOC_GPS,GCJ_02,DD_TAXI,DriverNotWorking
117.16622,40.50513,1448343559,0.0,-0.0,6,LOC_GPS,GCJ_02,DD_TAXI,DriverNotWorking
117.16622,40.50514,1448343562,0.0,-0.0,6,LOC_GPS,GCJ_02,DD_TAXI,DriverNotWorking
117.16621,40.50513,1448343565,0.0,-0.0,5,LOC_GPS,GCJ_02,DD_TAXI,DriverNotWorking
117.16621,40.50514,1448343568,0.0,-0.0,5,LOC_GPS,GCJ_02,DD_TAXI,DriverNotWorking
117.16622,40.50514,1448343571,0.0,-0.0,5,LOC_GPS,GCJ_02,DD_TAXI,DriverNotWorking
117.16622,40.50513,1448343574,0.0,-0.0,5,LOC_GPS,GCJ_02,DD_TAXI,DriverNotWorking
117.16622,40.50514,1448343577,0.0,-0.0,5,LOC_GPS,GCJ_02,DD_TAXI,DriverNotWorking
117.16622,40.50514,1448343580,0.0,-0.0,5,LOC_GPS,GCJ_02,DD_TAXI,DriverNotWorking
117.16622,40.50514,1448343583,0.0,-0.0,5,LOC_GPS,GCJ_02,DD_TAXI,DriverNotWorking
117.16621,40.50514,1448343586,0.0,-0.0,5,LOC_GPS,GCJ_02,DD_TAXI,DriverNotWorking
117.16622,40.50514,1448343589,0.0,-0.0,6,LOC_GPS,GCJ_02,DD_TAXI,DriverNotWorking
117.16621,40.50514,1448343592,0.0,-0.0,7,LOC_GPS,GCJ_02,DD_TAXI,DriverNotWorking
117.16621,40.50514,1448343595,0.0,-0.0,7,LOC_GPS,GCJ_02,DD_TAXI,DriverNotWorking
117.16622,40.50514,1448343598,0.0,-0.0,7,LOC_GPS,GCJ_02,DD_TAXI,DriverNotWorking
117.16622,40.50513,1448343602,0.0,-0.0,5,LOC_GPS,GCJ_02,DD_TAXI,DriverNotWorking
117.16621,40.50514,1448343605,0.0,-0.0,5,LOC_GPS,GCJ_02,DD_TAXI,DriverNotWorking
117.16621,40.50514,1448343608,0.0,-0.0,5,LOC_GPS,GCJ_02,DD_TAXI,DriverNotWorking
117.16621,40.50514,1448343611,0.0,-0.0,5,LOC_GPS,GCJ_02,DD_TAXI,DriverNotWorking
117.16622,40.50514,1448343614,0.0,-0.0,6,LOC_GPS,GCJ_02,DD_TAXI,DriverNotWorking
117.16621,40.50514,1448343617,0.0,-0.0,6,LOC_GPS,GCJ_02,DD_TAXI,DriverNotWorking
117.16622,40.50513,1448343620,0.0,-0.0,6,LOC_GPS,GCJ_02,DD_TAXI,DriverNotWorking
117.16622,40.50514,1448343623,0.0,-0.0,7,LOC_GPS,GCJ_02,DD_TAXI,DriverNotWorking
117.16621,40.50514,1448343626,0.0,-0.0,6,LOC_GPS,GCJ_02,DD_TAXI,DriverNotWorking
117.16621,40.50514,1448343629,0.0,-0.0,6,LOC_GPS,GCJ_02,DD_TAXI,DriverNotWorking
117.16622,40.50514,1448343632,0.0,-0.0,6,LOC_GPS,GCJ_02,DD_TAXI,DriverNotWorking
117.16621,40.50513,1448343635,0.0,-0.0,6,LOC_GPS,GCJ_02,DD_TAXI,DriverNotWorking
117.16622,40.50514,1448343638,0.0,-0.0,6,LOC_GPS,GCJ_02,DD_TAXI,DriverNotWorking
117.16621,40.50514,1448343641,0.0,-0.0,6,LOC_GPS,GCJ_02,DD_TAXI,DriverNotWorking
117.16621,40.50514,1448343644,0.0,-0.0,7,LOC_GPS,GCJ_02,DD_TAXI,DriverNotWorking
117.16620,40.50512,1448343647,1.7,290.4,7,LOC_GPS,GCJ_02,DD_TAXI,DriverNotWorking
117.16616,40.50513,1448343650,2.9,298.3,6,LOC_GPS,GCJ_02,DD_TAXI,DriverNotWorking
117.16612,40.50515,1448343653,3.4,297.3,6,LOC_GPS,GCJ_02,DD_TAXI,DriverNotWorking
117.16606,40.50518,1448343656,3.2,299.1,5,LOC_GPS,GCJ_02,DD_TAXI,DriverNotWorking
117.16600,40.50522,1448343659,4.4,300.8,5,LOC_GPS,GCJ_02,DD_TAXI,DriverNotWorking
117.16710,40.50750,1448343767,0.3,0.0,10,LOC_GPS,GCJ_02,DD_TAXI,DriverNotWorking
117.16732,40.50761,1448343770,0.2,0.0,12,LOC_GPS,GCJ_02,DD_TAXI,DriverNotWorking
117.16732,40.50759,1448343773,0.0,0.0,5,LOC_GPS,GCJ_02,DD_TAXI,DriverNotWorking
117.16732,40.50759,1448343776,0.0,0.0,5,LOC_GPS,GCJ_02,DD_TAXI,DriverNotWorking
117.16731,40.50758,1448343779,0.0,0.0,5,LOC_GPS,GCJ_02,DD_TAXI,DriverNotWorking
117.16734,40.50760,1448343782,2.1,35.4,5,LOC_GPS,GCJ_02,DD_TAXI,DriverNotWorking
117.16738,40.50765,1448343785,2.8,33.5,5,LOC_GPS,GCJ_02,DD_TAXI,DriverNotWorking
117.16745,40.50773,1448343788,3.3,32.2,5,LOC_GPS,GCJ_02,DD_TAXI,DriverNotWorking
117.16753,40.50780,1448343791,3.0,38.3,5,LOC_GPS,GCJ_02,DD_TAXI,DriverNotWorking
117.16761,40.50788,1448343794,3.6,37.6,5,LOC_GPS,GCJ_02,DD_TAXI,DriverNotWorking
117.16768,40.50796,1448343797,4.2,34.5,5,LOC_GPS,GCJ_02,DD_TAXI,DriverNotWorking
117.16777,40.50806,1448343800,4.1,35.5,5,LOC_GPS,GCJ_02,DD_TAXI,DriverNotWorking
117.16787,40.50816,1448343803,4.4,35.8,5,LOC_GPS,GCJ_02,DD_TAXI,DriverNotWorking
117.16797,40.50825,1448343806,4.3,33.5,5,LOC_GPS,GCJ_02,DD_TAXI,DriverNotWorking
117.16807,40.50834,1448343809,4.4,35.8,5,LOC_GPS,GCJ_02,DD_TAXI,DriverNotWorking
117.16816,40.50844,1448343812,4.7,31.2,5,LOC_GPS,GCJ_02,DD_TAXI,DriverNotWorking
117.16826,40.50855,1448343815,4.3,36.0,5,LOC_GPS,GCJ_02,DD_TAXI,DriverNotWorking
117.16837,40.50865,1448343818,4.6,35.0,5,LOC_GPS,GCJ_02,DD_TAXI,DriverNotWorking
117.16847,40.50876,1448343821,5.6,32.1,5,LOC_GPS,GCJ_02,DD_TAXI,DriverNotWorking
117.16858,40.50889,1448343824,5.8,28.6,5,LOC_GPS,GCJ_02,DD_TAXI,DriverNotWorking
117.16866,40.50904,1448343827,5.8,21.1,5,LOC_GPS,GCJ_02,DD_TAXI,DriverNotWorking
117.16872,40.50919,1448343830,6.3,13.4,5,LOC_GPS,GCJ_02,DD_TAXI,DriverNotWorking
117.16876,40.50936,1448343833,6.2,3.4,5,LOC_GPS,GCJ_02,DD_TAXI,DriverNotWorking
117.16877,40.50954,1448343836,6.3,2.2,5,LOC_GPS,GCJ_02,DD_TAXI,DriverNotWorking
117.16879,40.50971,1448343839,6.0,2.9,5,LOC_GPS,GCJ_02,DD_TAXI,DriverNotWorking
117.16881,40.50986,1448343842,5.7,4.3,5,LOC_GPS,GCJ_02,DD_TAXI,DriverNotWorking
117.16881,40.51002,1448343845,5.6,3.2,5,LOC_GPS,GCJ_02,DD_TAXI,DriverNotWorking
117.16883,40.51017,1448343849,5.5,4.1,5,LOC_GPS,GCJ_02,DD_TAXI,DriverNotWorking
117.16884,40.51031,1448343852,0.0,0.0,20,LOC_GPS,GCJ_02,DD_TAXI,DriverNotWorking
117.16885,40.51042,1448343855,3.4,4.1,5,LOC_GPS,GCJ_02,DD_TAXI,DriverNotWorking
117.16886,40.51051,1448343858,4.2,6.2,5,LOC_GPS,GCJ_02,DD_TAXI,DriverNotWorking
117.16888,40.51064,1448343861,5.2,4.3,5,LOC_GPS,GCJ_02,DD_TAXI,DriverNotWorking
117.16889,40.51078,1448343864,5.2,5.0,5,LOC_GPS,GCJ_02,DD_TAXI,DriverNotWorking
117.16891,40.51092,1448343867,4.8,5.6,5,LOC_GPS,GCJ_02,DD_TAXI,DriverNotWorking
117.16891,40.51105,1448343870,4.4,0.5,5,LOC_GPS,GCJ_02,DD_TAXI,DriverNotWorking
117.16892,40.51118,1448343873,5.5,1.8,5,LOC_GPS,GCJ_02,DD_TAXI,DriverNotWorking
117.16894,40.51133,1448343876,5.4,1.0,5,LOC_GPS,GCJ_02,DD_TAXI,DriverNotWorking
117.16894,40.51148,1448343879,5.1,1.2,5,LOC_GPS,GCJ_02,DD_TAXI,DriverNotWorking
117.16895,40.51160,1448343882,3.6,5.9,5,LOC_GPS,GCJ_02,DD_TAXI,DriverNotWorking
117.16897,40.51167,1448343885,2.1,21.7,5,LOC_GPS,GCJ_02,DD_TAXI,DriverNotWorking
117.16903,40.51171,1448343888,2.2,75.6,5,LOC_GPS,GCJ_02,DD_TAXI,DriverNotWorking
117.16913,40.51172,1448343891,2.7,100.8,5,LOC_GPS,GCJ_02,DD_TAXI,DriverNotWorking
117.16924,40.51170,1448343894,3.5,102.2,5,LOC_GPS,GCJ_02,DD_TAXI,DriverNotWorking
117.16939,40.51169,1448343897,4.4,103.3,5,LOC_GPS,GCJ_02,DD_TAXI,DriverNotWorking
117.16951,40.51167,1448343900,3.5,111.6,5,LOC_GPS,GCJ_02,DD_TAXI,DriverNotWorking
117.16961,40.51165,1448343903,2.8,116.5,5,LOC_GPS,GCJ_02,DD_TAXI,DriverNotWorking
117.16970,40.51161,1448343906,2.7,115.5,5,LOC_GPS,GCJ_02,DD_TAXI,DriverNotWorking
117.16978,40.51158,1448343909,2.6,116.1,15,LOC_GPS,GCJ_02,DD_TAXI,DriverNotWorking
117.16986,40.51155,1448343912,2.8,116.6,5,LOC_GPS,GCJ_02,DD_TAXI,DriverNotWorking
117.16996,40.51151,1448343915,2.6,110.4,5,LOC_GPS,GCJ_02,DD_TAXI,DriverNotWorking
117.17005,40.51149,1448343918,2.6,111.8,5,LOC_GPS,GCJ_02,DD_TAXI,DriverNotWorking
117.17015,40.51147,1448343921,2.8,113.2,5,LOC_GPS,GCJ_02,DD_TAXI,DriverNotWorking
117.17027,40.51143,1448343924,2.6,115.4,5,LOC_GPS,GCJ_02,DD_TAXI,DriverNotWorking
117.17036,40.51139,1448343927,2.7,113.2,5,LOC_GPS,GCJ_02,DD_TAXI,DriverNotWorking
117.17046,40.51137,1448343930,2.9,112.2,5,LOC_GPS,GCJ_02,DD_TAXI,DriverNotWorking
117.17056,40.51134,1448343933,3.0,112.3,16,LOC_GPS,GCJ_02,DD_TAXI,DriverNotWorking
117.17066,40.51131,1448343937,3.1,109.5,17,LOC_GPS,GCJ_02,DD_TAXI,DriverNotWorking
117.17076,40.51128,1448343940,2.8,112.5,16,LOC_GPS,GCJ_02,DD_TAXI,DriverNotWorking
117.17085,40.51125,1448343943,2.5,113.9,15,LOC_GPS,GCJ_02,DD_TAXI,DriverNotWorking
117.17090,40.51124,1448343946,0.5,88.1,5,LOC_GPS,GCJ_02,DD_TAXI,DriverNotWorking
117.17093,40.51123,1448343949,1.5,128.2,5,LOC_GPS,GCJ_02,DD_TAXI,DriverNotWorking
117.17099,40.51120,1448343952,1.2,118.2,5,LOC_GPS,GCJ_02,DD_TAXI,DriverNotWorking
117.17104,40.51119,1448343955,1.6,112.9,5,LOC_GPS,GCJ_02,DD_TAXI,DriverNotWorking
117.17109,40.51117,1448343958,1.3,118.6,5,LOC_GPS,GCJ_02,DD_TAXI,DriverNotWorking
117.17114,40.51115,1448343961,1.3,117.4,5,LOC_GPS,GCJ_02,DD_TAXI,DriverNotWorking
117.17120,40.51113,1448343964,1.6,107.7,5,LOC_GPS,GCJ_02,DD_TAXI,DriverNotWorking
117.17126,40.51111,1448343967,2.5,111.4,5,LOC_GPS,GCJ_02,DD_TAXI,DriverNotWorking
117.17138,40.51107,1448343970,3.4,104.4,5,LOC_GPS,GCJ_02,DD_TAXI,DriverNotWorking
117.17151,40.51105,1448343973,3.3,100.9,5,LOC_GPS,GCJ_02,DD_TAXI,DriverNotWorking
117.17162,40.51103,1448343976,3.6,113.8,5,LOC_GPS,GCJ_02,DD_TAXI,DriverNotWorking
117.17175,40.51099,1448343979,4.3,110.2,5,LOC_GPS,GCJ_02,DD_TAXI,DriverNotWorking
117.17191,40.51094,1448343982,4.8,111.2,5,LOC_GPS,GCJ_02,DD_TAXI,DriverNotWorking
117.17209,40.51089,1448343985,5.4,114.4,5,LOC_GPS,GCJ_02,DD_TAXI,DriverNotWorking
117.17228,40.51083,1448343988,6.0,111.6,5,LOC_GPS,GCJ_02,DD_TAXI,DriverNotWorking
117.17245,40.51078,1448343991,4.4,112.9,5,LOC_GPS,GCJ_02,DD_TAXI,DriverNotWorking
117.17259,40.51072,1448343994,4.6,112.3,5,LOC_GPS,GCJ_02,DD_TAXI,DriverNotWorking
117.17275,40.51068,1448343997,5.0,114.7,5,LOC_GPS,GCJ_02,DD_TAXI,DriverNotWorking
117.17293,40.51062,1448344000,5.4,113.4,5,LOC_GPS,GCJ_02,DD_TAXI,DriverNotWorking
117.17312,40.51056,1448344003,6.0,111.0,5,LOC_GPS,GCJ_02,DD_TAXI,DriverNotWorking
117.17333,40.51050,1448344006,6.0,111.2,5,LOC_GPS,GCJ_02,DD_TAXI,DriverNotWorking
117.17351,40.51044,1448344009,5.3,108.8,5,LOC_GPS,GCJ_02,DD_TAXI,DriverNotWorking
117.17387,40.51035,1448344023,5.1,111.9,5,LOC_GPS,GCJ_02,DD_TAXI,DriverNotWorking
117.17419,40.51025,1448344023,4.3,113.4,5,LOC_GPS,GCJ_02,DD_TAXI,DriverNotWorking
117.17404,40.51030,1448344023,4.6,111.6,5,LOC_GPS,GCJ_02,DD_TAXI,DriverNotWorking
117.17369,40.51039,1448344023,5.3,111.9,5,LOC_GPS,GCJ_02,DD_TAXI,DriverNotWorking
117.17431,40.51022,1448344024,2.8,122.1,5,LOC_GPS,GCJ_02,DD_TAXI,DriverNotWorking
117.17437,40.51018,1448344027,1.4,138.2,5,LOC_GPS,GCJ_02,DD_TAXI,DriverNotWorking
117.17438,40.51015,1448344030,1.1,179.1,5,LOC_GPS,GCJ_02,DD_TAXI,DriverNotWorking
117.17436,40.51011,1448344033,1.5,195.6,5,LOC_GPS,GCJ_02,DD_TAXI,DriverNotWorking
117.17433,40.51005,1448344036,2.3,203.6,5,LOC_GPS,GCJ_02,DD_TAXI,DriverNotWorking
117.17431,40.50997,1448344039,3.1,196.1,5,LOC_GPS,GCJ_02,DD_TAXI,DriverNotWorking
117.17428,40.50990,1448344042,2.9,195.9,5,LOC_GPS,GCJ_02,DD_TAXI,DriverNotWorking
117.17425,40.50980,1448344045,2.5,197.6,5,LOC_GPS,GCJ_02,DD_TAXI,DriverNotWorking
117.17424,40.50974,1448344048,1.8,195.4,5,LOC_GPS,GCJ_02,DD_TAXI,DriverNotWorking
117.17422,40.50970,1448344051,1.1,198.9,5,LOC_GPS,GCJ_02,DD_TAXI,DriverNotWorking
117.17421,40.50969,1448344055,0.0,198.9,5,LOC_GPS,GCJ_02,DD_TAXI,DriverNotWorking
117.17420,40.50965,1448344058,0.0,198.9,5,LOC_GPS,GCJ_02,DD_TAXI,DriverNotWorking
117.17420,40.50964,1448344061,0.0,198.9,5,LOC_GPS,GCJ_02,DD_TAXI,DriverNotWorking
117.17419,40.50964,1448344064,0.0,198.9,5,LOC_GPS,GCJ_02,DD_TAXI,DriverNotWorking
117.17419,40.50964,1448344067,0.0,198.9,5,LOC_GPS,GCJ_02,DD_TAXI,DriverNotWorking
117.17419,40.50964,1448344070,0.0,198.9,5,LOC_GPS,GCJ_02,DD_TAXI,DriverNotWorking
117.17419,40.50965,1448344073,0.0,198.9,5,LOC_GPS,GCJ_02,DD_TAXI,DriverNotWorking
117.17419,40.50964,1448344076,0.0,198.9,5,LOC_GPS,GCJ_02,DD_TAXI,DriverNotWorking
117.17420,40.50964,1448344079,0.0,198.9,5,LOC_GPS,GCJ_02,DD_TAXI,DriverNotWorking
117.17419,40.50964,1448344082,0.0,198.9,5,LOC_GPS,GCJ_02,DD_TAXI,DriverNotWorking
117.17419,40.50964,1448344085,0.0,198.9,5,LOC_GPS,GCJ_02,DD_TAXI,DriverNotWorking
117.17419,40.50964,1448344088,0.0,198.9,5,LOC_GPS,GCJ_02,DD_TAXI,DriverNotWorking
117.17419,40.50964,1448344091,0.0,198.9,5,LOC_GPS,GCJ_02,DD_TAXI,DriverNotWorking
117.17420,40.50964,1448344094,0.0,198.9,5,LOC_GPS,GCJ_02,DD_TAXI,DriverNotWorking
117.17419,40.50964,1448344097,0.0,198.9,5,LOC_GPS,GCJ_02,DD_TAXI,DriverNotWorking
117.17419,40.50964,1448344100,0.0,198.9,5,LOC_GPS,GCJ_02,DD_TAXI,DriverNotWorking
117.17419,40.50964,1448344103,0.0,198.9,5,LOC_GPS,GCJ_02,DD_TAXI,DriverNotWorking
117.17419,40.50965,1448344106,0.0,198.9,5,LOC_GPS,GCJ_02,DD_TAXI,DriverNotWorking
117.17419,40.50964,1448344109,0.0,198.9,5,LOC_GPS,GCJ_02,DD_TAXI,DriverNotWorking
117.17419,40.50964,1448344112,0.0,198.9,5,LOC_GPS,GCJ_02,DD_TAXI,DriverNotWorking
117.17420,40.50964,1448344115,0.0,198.9,5,LOC_GPS,GCJ_02,DD_TAXI,DriverNotWorking
117.17420,40.50964,1448344118,0.0,198.9,5,LOC_GPS,GCJ_02,DD_TAXI,DriverNotWorking
117.17419,40.50965,1448344121,0.0,198.9,5,LOC_GPS,GCJ_02,DD_TAXI,DriverNotWorking
117.17420,40.50964,1448344124,0.0,198.9,5,LOC_GPS,GCJ_02,DD_TAXI,DriverNotWorking
117.17419,40.50964,1448344127,0.0,198.9,5,LOC_GPS,GCJ_02,DD_TAXI,DriverNotWorking
117.17419,40.50963,1448344130,0.8,198.9,5,LOC_GPS,GCJ_02,DD_TAXI,DriverNotWorking
117.17417,40.50960,1448344133,1.8,198.3,5,LOC_GPS,GCJ_02,DD_TAXI,DriverNotWorking
117.17415,40.50953,1448344136,2.9,198.7,5,LOC_GPS,GCJ_02,DD_TAXI,DriverNotWorking
117.17411,40.50944,1448344139,3.1,192.8,5,LOC_GPS,GCJ_02,DD_TAXI,DriverNotWorking
117.17409,40.50936,1448344142,1.8,195.6,5,LOC_GPS,GCJ_02,DD_TAXI,DriverNotWorking
117.17406,40.50931,1448344145,2.0,195.3,5,LOC_GPS,GCJ_02,DD_TAXI,DriverNotWorking
117.17404,40.50925,1448344148,2.4,197.5,5,LOC_GPS,GCJ_02,DD_TAXI,DriverNotWorking
117.17402,40.50918,1448344152,2.0,194.8,5,LOC_GPS,GCJ_02,DD_TAXI,DriverNotWorking
117.17399,40.50911,1448344155,2.6,190.6,5,LOC_GPS,GCJ_02,DD_TAXI,DriverNotWorking
117.17398,40.50905,1448344158,2.5,189.8,5,LOC_GPS,GCJ_02,DD_TAXI,DriverNotWorking
117.17397,40.50898,1448344161,1.9,196.1,5,LOC_GPS,GCJ_02,DD_TAXI,DriverNotWorking
117.17395,40.50893,1448344164,1.7,197.4,5,LOC_GPS,GCJ_02,DD_TAXI,DriverNotWorking
117.17393,40.50887,1448344167,2.2,196.4,5,LOC_GPS,GCJ_02,DD_TAXI,DriverNotWorking
117.17391,40.50880,1448344170,2.5,191.6,5,LOC_GPS,GCJ_02,DD_TAXI,DriverNotWorking
117.17389,40.50873,1448344173,2.4,190.0,5,LOC_GPS,GCJ_02,DD_TAXI,DriverNotWorking
117.17388,40.50867,1448344176,2.5,188.1,5,LOC_GPS,GCJ_02,DD_TAXI,DriverNotWorking
117.17387,40.50858,1448344179,2.5,192.8,5,LOC_GPS,GCJ_02,DD_TAXI,DriverNotWorking
117.17383,40.50849,1448344182,2.4,195.1,5,LOC_GPS,GCJ_02,DD_TAXI,DriverNotWorking
117.17382,40.50843,1448344185,1.8,193.2,5,LOC_GPS,GCJ_02,DD_TAXI,DriverNotWorking
117.17380,40.50836,1448344188,2.6,192.6,5,LOC_GPS,GCJ_02,DD_TAXI,DriverNotWorking
117.17378,40.50830,1448344191,1.9,196.5,5,LOC_GPS,GCJ_02,DD_TAXI,DriverNotWorking
117.17377,40.50824,1448344194,1.7,197.0,5,LOC_GPS,GCJ_02,DD_TAXI,DriverNotWorking
117.17375,40.50819,1448344197,1.9,184.2,5,LOC_GPS,GCJ_02,DD_TAXI,DriverNotWorking
117.17374,40.50812,1448344200,2.5,189.1,5,LOC_GPS,GCJ_02,DD_TAXI,DriverNotWorking
117.17373,40.50806,1448344203,2.4,190.3,5,LOC_GPS,GCJ_02,DD_TAXI,DriverNotWorking
117.17372,40.50798,1448344206,2.8,191.2,5,LOC_GPS,GCJ_02,DD_TAXI,DriverNotWorking
117.17369,40.50791,1448344209,3.1,192.6,5,LOC_GPS,GCJ_02,DD_TAXI,DriverNotWorking
117.17367,40.50783,1448344212,2.0,201.4,5,LOC_GPS,GCJ_02,DD_TAXI,DriverNotWorking
117.17363,40.50778,1448344215,2.2,213.9,5,LOC_GPS,GCJ_02,DD_TAXI,DriverNotWorking
117.17359,40.50775,1448344218,1.3,244.1,5,LOC_GPS,GCJ_02,DD_TAXI,DriverNotWorking
117.17355,40.50773,1448344221,1.4,268.1,5,LOC_GPS,GCJ_02,DD_TAXI,DriverNotWorking
117.17349,40.50774,1448344224,2.0,292.4,5,LOC_GPS,GCJ_02,DD_TAXI,DriverNotWorking
117.17341,40.50775,1448344227,2.4,274.7,5,LOC_GPS,GCJ_02,DD_TAXI,DriverNotWorking
117.17332,40.50776,1448344230,2.2,278.3,5,LOC_GPS,GCJ_02,DD_TAXI,DriverNotWorking
117.17322,40.50777,1448344233,3.2,275.7,5,LOC_GPS,GCJ_02,DD_TAXI,DriverNotWorking
117.17312,40.50778,1448344236,2.8,275.9,5,LOC_GPS,GCJ_02,DD_TAXI,DriverNotWorking
117.17302,40.50780,1448344239,3.0,275.2,5,LOC_GPS,GCJ_02,DD_TAXI,DriverNotWorking
117.17292,40.50780,1448344242,2.6,274.2,5,LOC_GPS,GCJ_02,DD_TAXI,DriverNotWorking
117.17281,40.50780,1448344246,2.5,259.0,5,LOC_GPS,GCJ_02,DD_TAXI,DriverNotWorking
117.17276,40.50778,1448344249,0.3,256.9,5,LOC_GPS,GCJ_02,DD_TAXI,DriverNotWorking
117.17275,40.50778,1448344252,0.7,256.9,5,LOC_GPS,GCJ_02,DD_TAXI,DriverNotWorking
117.17275,40.50777,1448344255,0.0,256.9,5,LOC_GPS,GCJ_02,DD_TAXI,DriverNotWorking
117.17267,40.50777,1448344258,1.5,267.9,5,LOC_GPS,GCJ_02,DD_TAXI,DriverNotWorking
117.17263,40.50776,1448344261,0.8,247.8,5,LOC_GPS,GCJ_02,DD_TAXI,DriverNotWorking
117.17260,40.50776,1448344264,1.7,264.7,5,LOC_GPS,GCJ_02,DD_TAXI,DriverNotWorking
117.17251,40.50776,1448344267,3.1,288.2,5,LOC_GPS,GCJ_02,DD_TAXI,DriverNotWorking
117.17241,40.50779,1448344270,2.7,295.5,5,LOC_GPS,GCJ_02,DD_TAXI,DriverNotWorking
117.17230,40.50784,1448344273,3.3,300.0,5,LOC_GPS,GCJ_02,DD_TAXI,DriverNotWorking
117.17220,40.50788,1448344276,3.0,302.1,5,LOC_GPS,GCJ_02,DD_TAXI,DriverNotWorking
117.17209,40.50793,1448344279,3.5,305.6,5,LOC_GPS,GCJ_02,DD_TAXI,DriverNotWorking
117.17201,40.50798,1448344282,2.9,304.6,5,LOC_GPS,GCJ_02,DD_TAXI,DriverNotWorking
117.17191,40.50802,1448344285,2.6,306.1,5,LOC_GPS,GCJ_02,DD_TAXI,DriverNotWorking
117.17182,40.50805,1448344288,3.4,296.1,5,LOC_GPS,GCJ_02,DD_TAXI,DriverNotWorking
117.17171,40.50808,1448344291,2.8,294.7,5,LOC_GPS,GCJ_02,DD_TAXI,DriverNotWorking
117.17164,40.50811,1448344294,1.8,303.2,5,LOC_GPS,GCJ_02,DD_TAXI,DriverNotWorking
117.17160,40.50813,1448344297,1.1,301.2,5,LOC_GPS,GCJ_02,DD_TAXI,DriverNotWorking
117.17156,40.50814,1448344300,1.2,291.4,5,LOC_GPS,GCJ_02,DD_TAXI,DriverNotWorking
117.17150,40.50816,1448344303,1.8,296.6,5,LOC_GPS,GCJ_02,DD_TAXI,DriverNotWorking
117.17143,40.50820,1448344306,2.5,310.5,5,LOC_GPS,GCJ_02,DD_TAXI,DriverNotWorking
117.17137,40.50825,1448344309,2.6,315.2,5,LOC_GPS,GCJ_02,DD_TAXI,DriverNotWorking
117.17129,40.50830,1448344312,2.9,310.9,5,LOC_GPS,GCJ_02,DD_TAXI,DriverNotWorking
117.17121,40.50834,1448344315,2.3,309.6,5,LOC_GPS,GCJ_02,DD_TAXI,DriverNotWorking
117.17114,40.50838,1448344318,2.4,308.5,5,LOC_GPS,GCJ_02,DD_TAXI,DriverNotWorking
117.17107,40.50842,1448344321,1.8,306.1,5,LOC_GPS,GCJ_02,DD_TAXI,DriverNotWorking
117.17101,40.50846,1448344324,2.0,308.8,5,LOC_GPS,GCJ_02,DD_TAXI,DriverNotWorking
117.17096,40.50848,1448344327,1.7,296.4,5,LOC_GPS,GCJ_02,DD_TAXI,DriverNotWorking
117.17090,40.50851,1448344330,1.6,290.0,5,LOC_GPS,GCJ_02,DD_TAXI,DriverNotWorking
117.17085,40.50852,1448344333,2.2,284.8,5,LOC_GPS,GCJ_02,DD_TAXI,DriverNotWorking
117.17076,40.50851,1448344336,3.0,271.2,5,LOC_GPS,GCJ_02,DD_TAXI,DriverNotWorking
117.17064,40.50851,1448344339,2.8,273.3,5,LOC_GPS,GCJ_02,DD_TAXI,DriverNotWorking
117.17056,40.50850,1448344343,2.2,273.2,5,LOC_GPS,GCJ_02,DD_TAXI,DriverNotWorking
117.17046,40.50850,1448344346,2.1,271.7,5,LOC_GPS,GCJ_02,DD_TAXI,DriverNotWorking
117.17037,40.50851,1448344349,2.0,274.6,5,LOC_GPS,GCJ_02,DD_TAXI,DriverNotWorking
117.17030,40.50852,1448344352,2.1,275.1,5,LOC_GPS,GCJ_02,DD_TAXI,DriverNotWorking
117.17023,40.50852,1448344355,1.8,272.9,5,LOC_GPS,GCJ_02,DD_TAXI,DriverNotWorking
117.17016,40.50853,1448344358,1.8,280.5,5,LOC_GPS,GCJ_02,DD_TAXI,DriverNotWorking
117.17010,40.50852,1448344361,1.6,267.7,5,LOC_GPS,GCJ_02,DD_TAXI,DriverNotWorking
117.17006,40.50853,1448344364,0.0,271.1,5,LOC_GPS,GCJ_02,DD_TAXI,DriverNotWorking
117.17007,40.50852,1448344367,0.0,271.1,5,LOC_GPS,GCJ_02,DD_TAXI,DriverNotWorking
117.17007,40.50852,1448344370,0.0,271.1,5,LOC_GPS,GCJ_02,DD_TAXI,DriverNotWorking
117.17007,40.50853,1448344373,0.0,271.1,5,LOC_GPS,GCJ_02,DD_TAXI,DriverNotWorking
117.17007,40.50852,1448344376,0.0,271.1,5,LOC_GPS,GCJ_02,DD_TAXI,DriverNotWorking
117.17007,40.50852,1448344379,0.0,271.1,5,LOC_GPS,GCJ_02,DD_TAXI,DriverNotWorking
117.17006,40.50853,1448344382,0.0,271.1,5,LOC_GPS,GCJ_02,DD_TAXI,DriverNotWorking
117.17007,40.50852,1448344385,0.0,271.1,5,LOC_GPS,GCJ_02,DD_TAXI,DriverNotWorking
117.17007,40.50853,1448344388,0.0,271.1,5,LOC_GPS,GCJ_02,DD_TAXI,DriverNotWorking
117.17007,40.50852,1448344391,0.0,271.1,5,LOC_GPS,GCJ_02,DD_TAXI,DriverNotWorking
117.17006,40.50852,1448344394,0.0,271.1,5,LOC_GPS,GCJ_02,DD_TAXI,DriverNotWorking
117.17007,40.50852,1448344397,0.0,271.1,5,LOC_GPS,GCJ_02,DD_TAXI,DriverNotWorking
117.17004,40.50852,1448344400,1.3,277.1,5,LOC_GPS,GCJ_02,DD_TAXI,DriverNotWorking
117.16998,40.50852,1448344403,1.8,260.0,5,LOC_GPS,GCJ_02,DD_TAXI,DriverNotWorking
117.16991,40.50850,1448344406,2.2,265.5,5,LOC_GPS,GCJ_02,DD_TAXI,DriverNotWorking
117.16982,40.50851,1448344409,3.1,268.6,5,LOC_GPS,GCJ_02,DD_TAXI,DriverNotWorking
117.16973,40.50850,1448344412,2.5,269.7,5,LOC_GPS,GCJ_02,DD_TAXI,DriverNotWorking
117.16963,40.50850,1448344415,2.5,270.3,5,LOC_GPS,GCJ_02,DD_TAXI,DriverNotWorking
117.16955,40.50850,1448344418,2.5,272.1,5,LOC_GPS,GCJ_02,DD_TAXI,DriverNotWorking
117.16944,40.50850,1448344421,2.8,272.2,5,LOC_GPS,GCJ_02,DD_TAXI,DriverNotWorking
117.16936,40.50851,1448344424,2.6,275.3,5,LOC_GPS,GCJ_02,DD_TAXI,DriverNotWorking
117.16926,40.50851,1448344427,2.3,269.7,5,LOC_GPS,GCJ_02,DD_TAXI,DriverNotWorking
117.16919,40.50850,1448344430,1.9,261.4,5,LOC_GPS,GCJ_02,DD_TAXI,DriverNotWorking
117.16911,40.50850,1448344433,2.4,273.1,5,LOC_GPS,GCJ_02,DD_TAXI,DriverNotWorking
117.16900,40.50850,1448344436,3.4,280.2,5,LOC_GPS,GCJ_02,DD_TAXI,DriverNotWorking
117.16889,40.50853,1448344440,3.4,289.6,5,LOC_GPS,GCJ_02,DD_TAXI,DriverNotWorking
117.16878,40.50856,1448344443,3.0,286.8,5,LOC_GPS,GCJ_02,DD_TAXI,DriverNotWorking
117.16867,40.50858,1448344446,3.1,287.6,5,LOC_GPS,GCJ_02,DD_TAXI,DriverNotWorking
117.16856,40.50860,1448344449,3.1,286.1,5,LOC_GPS,GCJ_02,DD_TAXI,DriverNotWorking
117.16848,40.50862,1448344452,1.4,276.6,5,LOC_GPS,GCJ_02,DD_TAXI,DriverNotWorking
117.16843,40.50862,1448344455,1.8,262.1,5,LOC_GPS,GCJ_02,DD_TAXI,DriverNotWorking
117.16835,40.50860,1448344458,2.1,239.5,5,LOC_GPS,GCJ_02,DD_TAXI,DriverNotWorking
117.16825,40.50854,1448344461,3.7,224.0,5,LOC_GPS,GCJ_02,DD_TAXI,DriverNotWorking
117.16814,40.50846,1448344464,4.6,221.6,5,LOC_GPS,GCJ_02,DD_TAXI,DriverNotWorking
117.16804,40.50836,1448344467,4.4,212.2,5,LOC_GPS,GCJ_02,DD_TAXI,DriverNotWorking
117.16793,40.50826,1448344470,5.0,218.2,5,LOC_GPS,GCJ_02,DD_TAXI,DriverNotWorking
117.16783,40.50817,1448344473,4.6,218.6,5,LOC_GPS,GCJ_02,DD_TAXI,DriverNotWorking
117.16769,40.50803,1448344476,4.6,217.9,5,LOC_GPS,GCJ_02,DD_TAXI,DriverNotWorking
117.16758,40.50793,1448344479,4.9,217.0,5,LOC_GPS,GCJ_02,DD_TAXI,DriverNotWorking
117.16747,40.50782,1448344482,5.0,217.2,5,LOC_GPS,GCJ_02,DD_TAXI,DriverNotWorking
117.16737,40.50771,1448344485,5.3,217.5,5,LOC_GPS,GCJ_02,DD_TAXI,DriverNotWorking
117.16725,40.50759,1448344488,5.1,217.2,5,LOC_GPS,GCJ_02,DD_TAXI,DriverNotWorking
117.16714,40.50749,1448344491,5.0,216.2,5,LOC_GPS,GCJ_02,DD_TAXI,DriverNotWorking
117.16703,40.50738,1448344494,5.1,216.0,5,LOC_GPS,GCJ_02,DD_TAXI,DriverNotWorking
117.16693,40.50728,1448344497,5.4,217.3,5,LOC_GPS,GCJ_02,DD_TAXI,DriverNotWorking
117.16680,40.50715,1448344500,5.7,216.8,5,LOC_GPS,GCJ_02,DD_TAXI,DriverNotWorking
117.16668,40.50703,1448344503,5.5,217.9,5,LOC_GPS,GCJ_02,DD_TAXI,DriverNotWorking
117.16655,40.50692,1448344506,5.8,217.1,5,LOC_GPS,GCJ_02,DD_TAXI,DriverNotWorking
117.16643,40.50678,1448344509,6.2,216.9,5,LOC_GPS,GCJ_02,DD_TAXI,DriverNotWorking
117.16631,40.50667,1448344512,5.4,218.2,5,LOC_GPS,GCJ_02,DD_TAXI,DriverNotWorking
117.16618,40.50653,1448344515,6.5,217.1,5,LOC_GPS,GCJ_02,DD_TAXI,DriverNotWorking
117.16605,40.50639,1448344518,6.5,218.1,5,LOC_GPS,GCJ_02,DD_TAXI,DriverNotWorking
117.16591,40.50625,1448344521,6.7,216.6,5,LOC_GPS,GCJ_02,DD_TAXI,DriverNotWorking
117.16576,40.50610,1448344524,6.9,215.0,5,LOC_GPS,GCJ_02,DD_TAXI,DriverNotWorking
117.16564,40.50594,1448344527,6.9,207.4,5,LOC_GPS,GCJ_02,DD_TAXI,DriverNotWorking
117.16558,40.50578,1448344531,5.4,183.0,5,LOC_GPS,GCJ_02,DD_TAXI,DriverNotWorking
117.16561,40.50563,1448344534,5.4,165.2,5,LOC_GPS,GCJ_02,DD_TAXI,DriverNotWorking
117.16570,40.50549,1448344537,5.0,147.1,5,LOC_GPS,GCJ_02,DD_TAXI,DriverNotWorking
117.16584,40.50538,1448344540,5.5,126.3,5,LOC_GPS,GCJ_02,DD_TAXI,DriverNotWorking
117.16602,40.50529,1448344543,5.9,118.1,5,LOC_GPS,GCJ_02,DD_TAXI,DriverNotWorking
117.16621,40.50522,1448344546,6.7,114.5,5,LOC_GPS,GCJ_02,DD_TAXI,DriverNotWorking
117.16644,40.50514,1448344549,6.8,115.3,5,LOC_GPS,GCJ_02,DD_TAXI,DriverNotWorking
117.16665,40.50506,1448344552,6.9,114.8,5,LOC_GPS,GCJ_02,DD_TAXI,DriverNotWorking
117.16687,40.50498,1448344555,6.5,115.5,5,LOC_GPS,GCJ_02,DD_TAXI,DriverNotWorking
117.16708,40.50490,1448344558,0.0,0.0,20,LOC_GPS,GCJ_02,DD_TAXI,DriverNotWorking
117.16729,40.50482,1448344561,6.5,115.3,5,LOC_GPS,GCJ_02,DD_TAXI,DriverNotWorking
117.16749,40.50475,1448344564,5.9,115.7,5,LOC_GPS,GCJ_02,DD_TAXI,DriverNotWorking
117.16765,40.50468,1448344567,4.0,123.4,5,LOC_GPS,GCJ_02,DD_TAXI,DriverNotWorking
117.16775,40.50464,1448344570,1.9,111.3,5,LOC_GPS,GCJ_02,DD_TAXI,DriverNotWorking
117.16777,40.50463,1448344573,0.0,116.3,5,LOC_GPS,GCJ_02,DD_TAXI,DriverNotWorking
117.16777,40.50463,1448344576,0.0,116.3,5,LOC_GPS,GCJ_02,DD_TAXI,DriverNotWorking
117.16777,40.50463,1448344579,0.0,116.3,5,LOC_GPS,GCJ_02,DD_TAXI,DriverNotWorking
117.16777,40.50463,1448344582,0.0,116.3,5,LOC_GPS,GCJ_02,DD_TAXI,DriverNotWorking
117.16777,40.50463,1448344585,0.0,116.3,5,LOC_GPS,GCJ_02,DD_TAXI,DriverNotWorking
117.16777,40.50463,1448344588,0.0,116.3,5,LOC_GPS,GCJ_02,DD_TAXI,DriverNotWorking
117.16777,40.50463,1448344591,0.0,116.3,5,LOC_GPS,GCJ_02,DD_TAXI,DriverNotWorking
117.16777,40.50462,1448344594,0.0,116.3,5,LOC_GPS,GCJ_02,DD_TAXI,DriverNotWorking
117.16777,40.50462,1448344597,0.0,116.3,5,LOC_GPS,GCJ_02,DD_TAXI,DriverNotWorking
117.16777,40.50463,1448344600,0.0,116.3,5,LOC_GPS,GCJ_02,DD_TAXI,DriverNotWorking
117.16777,40.50463,1448344603,0.0,116.3,5,LOC_GPS,GCJ_02,DD_TAXI,DriverNotWorking
117.16778,40.50463,1448344606,0.0,116.3,5,LOC_GPS,GCJ_02,DD_TAXI,DriverNotWorking
117.16777,40.50462,1448344609,0.0,116.3,5,LOC_GPS,GCJ_02,DD_TAXI,DriverNotWorking
117.16777,40.50463,1448344612,0.0,116.3,5,LOC_GPS,GCJ_02,DD_TAXI,DriverNotWorking
117.16777,40.50463,1448344615,0.0,116.3,5,LOC_GPS,GCJ_02,DD_TAXI,DriverNotWorking
117.16777,40.50462,1448344618,0.0,116.3,5,LOC_GPS,GCJ_02,DD_TAXI,DriverNotWorking
117.16775,40.50463,1448344621,0.0,116.3,5,LOC_GPS,GCJ_02,DD_TAXI,DriverNotWorking
117.16774,40.50463,1448344624,0.0,116.3,5,LOC_GPS,GCJ_02,DD_TAXI,DriverNotWorking
117.16775,40.50462,1448344627,0.0,116.3,5,LOC_GPS,GCJ_02,DD_TAXI,DriverNotWorking
117.16776,40.50462,1448344630,0.0,116.3,5,LOC_GPS,GCJ_02,DD_TAXI,DriverNotWorking
117.16776,40.50462,1448344634,0.0,116.3,5,LOC_GPS,GCJ_02,DD_TAXI,DriverNotWorking
117.16776,40.50462,1448344635,0.0,116.3,5,LOC_GPS,GCJ_02,DD_TAXI,DriverNotWorking
117.16776,40.50462,1448344639,0.0,116.3,5,LOC_GPS,GCJ_02,DD_TAXI,DriverNotWorking
117.16776,40.50462,1448344640,0.0,116.3,5,LOC_GPS,GCJ_02,DD_TAXI,DriverNotWorking
117.16776,40.50462,1448344641,0.0,116.3,5,LOC_GPS,GCJ_02,DD_TAXI,DriverNotWorking
117.16776,40.50462,1448344642,0.0,116.3,5,LOC_GPS,GCJ_02,DD_TAXI,DriverNotWorking
117.16776,40.50462,1448344643,0.0,116.3,5,LOC_GPS,GCJ_02,DD_TAXI,DriverNotWorking
117.16776,40.50462,1448344644,0.0,116.3,5,LOC_GPS,GCJ_02,DD_TAXI,DriverNotWorking
117.16776,40.50462,1448344645,0.0,116.3,5,LOC_GPS,GCJ_02,DD_TAXI,DriverNotWorking
117.16776,40.50462,1448344646,0.0,116.3,5,LOC_GPS,GCJ_02,DD_TAXI,DriverNotWorking
117.16776,40.50462,1448344650,0.0,116.3,5,LOC_GPS,GCJ_02,DD_TAXI,DriverNotWorking
117.16776,40.50462,1448344653,0.0,116.3,5,LOC_GPS,GCJ_02,DD_TAXI,DriverNotWorking
117.16776,40.50462,1448344656,0.0,116.3,5,LOC_GPS,GCJ_02,DD_TAXI,DriverNotWorking
117.16779,40.50462,1448344659,1.4,100.8,5,LOC_GPS,GCJ_02,DD_TAXI,DriverNotWorking
117.16788,40.50459,1448344662,3.5,111.1,5,LOC_GPS,GCJ_02,DD_TAXI,DriverNotWorking
117.16801,40.50454,1448344665,4.2,117.4,5,LOC_GPS,GCJ_02,DD_TAXI,DriverNotWorking
117.16817,40.50449,1448344668,5.9,113.2,5,LOC_GPS,GCJ_02,DD_TAXI,DriverNotWorking
117.16836,40.50442,1448344671,6.1,115.6,5,LOC_GPS,GCJ_02,DD_TAXI,DriverNotWorking
117.16857,40.50436,1448344674,6.3,115.1,5,LOC_GPS,GCJ_02,DD_TAXI,DriverNotWorking
117.16878,40.50428,1448344677,6.4,114.4,5,LOC_GPS,GCJ_02,DD_TAXI,DriverNotWorking
117.16900,40.50422,1448344680,6.9,114.9,5,LOC_GPS,GCJ_02,DD_TAXI,DriverNotWorking
117.16922,40.50414,1448344683,7.0,113.4,5,LOC_GPS,GCJ_02,DD_TAXI,DriverNotWorking
117.16944,40.50405,1448344686,7.2,116.2,5,LOC_GPS,GCJ_02,DD_TAXI,DriverNotWorking
117.16968,40.50397,1448344689,7.2,113.1,5,LOC_GPS,GCJ_02,DD_TAXI,DriverNotWorking
117.16993,40.50388,1448344692,8.0,113.8,5,LOC_GPS,GCJ_02,DD_TAXI,DriverNotWorking
117.17020,40.50379,1448344695,8.5,115.2,5,LOC_GPS,GCJ_02,DD_TAXI,DriverNotWorking
117.17047,40.50368,1448344698,7.4,119.2,5,LOC_GPS,GCJ_02,DD_TAXI,DriverNotWorking
117.17067,40.50357,1448344701,6.6,130.0,5,LOC_GPS,GCJ_02,DD_TAXI,DriverNotWorking
117.17079,40.50339,1448344704,7.2,164.9,5,LOC_GPS,GCJ_02,DD_TAXI,DriverNotWorking
117.17088,40.50316,1448344707,9.5,166.5,5,LOC_GPS,GCJ_02,DD_TAXI,DriverNotWorking
117.17096,40.50292,1448344710,8.7,163.9,5,LOC_GPS,GCJ_02,DD_TAXI,DriverNotWorking
117.17106,40.50270,1448344713,9.8,158.4,5,LOC_GPS,GCJ_02,DD_TAXI,DriverNotWorking
117.17128,40.50241,1448344716,9.8,143.1,5,LOC_GPS,GCJ_02,DD_TAXI,DriverNotWorking
117.17152,40.50220,1448344719,10.6,136.7,5,LOC_GPS,GCJ_02,DD_TAXI,DriverNotWorking
117.17178,40.50198,1448344722,10.9,135.8,5,LOC_GPS,GCJ_02,DD_TAXI,DriverNotWorking
117.17204,40.50176,1448344725,10.6,137.3,5,LOC_GPS,GCJ_02,DD_TAXI,DriverNotWorking
117.17230,40.50155,1448344728,9.8,135.0,5,LOC_GPS,GCJ_02,DD_TAXI,DriverNotWorking
117.17256,40.50136,1448344731,9.9,127.1,5,LOC_GPS,GCJ_02,DD_TAXI,DriverNotWorking
117.17285,40.50121,1448344734,10.1,121.6,5,LOC_GPS,GCJ_02,DD_TAXI,DriverNotWorking
117.17314,40.50107,1448344737,9.0,124.8,5,LOC_GPS,GCJ_02,DD_TAXI,DriverNotWorking
117.17339,40.50094,1448344740,8.5,124.2,5,LOC_GPS,GCJ_02,DD_TAXI,DriverNotWorking
117.17365,40.50080,1448344743,9.2,123.5,5,LOC_GPS,GCJ_02,DD_TAXI,DriverNotWorking
117.17392,40.50065,1448344746,9.9,125.0,5,LOC_GPS,GCJ_02,DD_TAXI,DriverNotWorking
117.17423,40.50050,1448344749,10.7,125.2,5,LOC_GPS,GCJ_02,DD_TAXI,DriverNotWorking
117.17455,40.50032,1448344752,11.0,125.0,5,LOC_GPS,GCJ_02,DD_TAXI,DriverNotWorking
117.17487,40.50015,1448344755,10.9,125.2,5,LOC_GPS,GCJ_02,DD_TAXI,DriverNotWorking
117.17520,40.49998,1448344758,11.0,123.4,5,LOC_GPS,GCJ_02,DD_TAXI,DriverNotWorking
117.17554,40.49982,1448344761,11.2,123.6,5,LOC_GPS,GCJ_02,DD_TAXI,DriverNotWorking
117.17587,40.49964,1448344764,11.7,123.9,5,LOC_GPS,GCJ_02,DD_TAXI,DriverNotWorking
117.17621,40.49946,1448344767,12.0,123.8,5,LOC_GPS,GCJ_02,DD_TAXI,DriverNotWorking
117.17656,40.49929,1448344770,11.2,124.0,5,LOC_GPS,GCJ_02,DD_TAXI,DriverNotWorking
117.17688,40.49913,1448344773,11.1,121.7,5,LOC_GPS,GCJ_02,DD_TAXI,DriverNotWorking
117.17723,40.49896,1448344776,11.7,122.9,5,LOC_GPS,GCJ_02,DD_TAXI,DriverNotWorking
117.17757,40.49878,1448344779,12.1,124.0,5,LOC_GPS,GCJ_02,DD_TAXI,DriverNotWorking
117.17791,40.49859,1448344782,11.2,122.0,5,LOC_GPS,GCJ_02,DD_TAXI,DriverNotWorking
117.17823,40.49843,1448344785,9.7,125.4,5,LOC_GPS,GCJ_02,DD_TAXI,DriverNotWorking
117.17850,40.49825,1448344788,9.8,131.6,5,LOC_GPS,GCJ_02,DD_TAXI,DriverNotWorking
117.17873,40.49806,1448344791,8.5,144.9,5,LOC_GPS,GCJ_02,DD_TAXI,DriverNotWorking
117.17886,40.49785,1448344795,8.4,161.1,5,LOC_GPS,GCJ_02,DD_TAXI,DriverNotWorking
117.17890,40.49763,1448344798,7.7,176.0,5,LOC_GPS,GCJ_02,DD_TAXI,DriverNotWorking
117.17890,40.49740,1448344801,8.1,183.5,5,LOC_GPS,GCJ_02,DD_TAXI,DriverNotWorking
117.17884,40.49718,1448344804,9.3,195.1,5,LOC_GPS,GCJ_02,DD_TAXI,DriverNotWorking
117.17873,40.49691,1448344807,10.0,196.8,5,LOC_GPS,GCJ_02,DD_TAXI,DriverNotWorking
117.17862,40.49664,1448344810,10.4,195.7,5,LOC_GPS,GCJ_02,DD_TAXI,DriverNotWorking
117.17851,40.49636,1448344813,11.3,195.1,5,LOC_GPS,GCJ_02,DD_TAXI,DriverNotWorking
117.17842,40.49606,1448344816,11.8,195.0,5,LOC_GPS,GCJ_02,DD_TAXI,DriverNotWorking
117.17827,40.49564,1448344819,12.1,197.8,5,LOC_GPS,GCJ_02,DD_TAXI,DriverNotWorking
117.17812,40.49533,1448344822,12.0,201.1,5,LOC_GPS,GCJ_02,DD_TAXI,DriverNotWorking
117.17798,40.49505,1448344825,9.3,201.2,5,LOC_GPS,GCJ_02,DD_TAXI,DriverNotWorking
117.17790,40.49491,1448344828,1.2,200.8,5,LOC_GPS,GCJ_02,DD_TAXI,DriverNotWorking
117.17791,40.49492,1448344831,1.2,200.8,5,LOC_GPS,GCJ_02,DD_TAXI,DriverNotWorking
117.17791,40.49494,1448344834,0.0,200.8,5,LOC_GPS,GCJ_02,DD_TAXI,DriverNotWorking
117.17791,40.49494,1448344837,0.0,200.8,5,LOC_GPS,GCJ_02,DD_TAXI,DriverNotWorking
117.17791,40.49494,1448344840,0.0,200.8,5,LOC_GPS,GCJ_02,DD_TAXI,DriverNotWorking
117.17791,40.49493,1448344843,0.0,200.8,5,LOC_GPS,GCJ_02,DD_TAXI,DriverNotWorking
117.17791,40.49494,1448344846,0.0,200.8,5,LOC_GPS,GCJ_02,DD_TAXI,DriverNotWorking
117.17791,40.49494,1448344849,0.0,200.8,5,LOC_GPS,GCJ_02,DD_TAXI,DriverNotWorking
117.17790,40.49493,1448344852,2.2,200.8,5,LOC_GPS,GCJ_02,DD_TAXI,DriverNotWorking
117.17784,40.49483,1448344855,4.5,206.2,5,LOC_GPS,GCJ_02,DD_TAXI,DriverNotWorking
117.17779,40.49473,1448344858,4.0,205.1,5,LOC_GPS,GCJ_02,DD_TAXI,DriverNotWorking
117.17770,40.49459,1448344861,7.3,203.2,5,LOC_GPS,GCJ_02,DD_TAXI,DriverNotWorking
117.17760,40.49441,1448344864,6.8,201.0,5,LOC_GPS,GCJ_02,DD_TAXI,DriverNotWorking
117.17750,40.49421,1448344867,8.4,200.1,5,LOC_GPS,GCJ_02,DD_TAXI,DriverNotWorking
117.17741,40.49398,1448344870,0.0,0.0,20,LOC_GPS,GCJ_02,DD_TAXI,DriverNotWorking
117.17735,40.49375,1448344873,8.4,192.2,5,LOC_GPS,GCJ_02,DD_TAXI,DriverNotWorking
117.17730,40.49352,1448344876,9.3,187.7,5,LOC_GPS,GCJ_02,DD_TAXI,DriverNotWorking
117.17728,40.49325,1448344879,9.4,184.9,5,LOC_GPS,GCJ_02,DD_TAXI,DriverNotWorking
117.17727,40.49301,1448344882,8.7,179.5,5,LOC_GPS,GCJ_02,DD_TAXI,DriverNotWorking
117.17725,40.49277,1448344885,10.0,183.4,5,LOC_GPS,GCJ_02,DD_TAXI,DriverNotWorking
117.17723,40.49245,1448344888,11.3,183.2,5,LOC_GPS,GCJ_02,DD_TAXI,DriverNotWorking
117.17720,40.49210,1448344891,12.1,184.6,5,LOC_GPS,GCJ_02,DD_TAXI,DriverNotWorking
117.17717,40.49165,1448344894,11.8,185.0,5,LOC_GPS,GCJ_02,DD_TAXI,DriverNotWorking
117.17714,40.49135,1448344897,10.3,185.5,5,LOC_GPS,GCJ_02,DD_TAXI,DriverNotWorking
117.17710,40.49107,1448344900,9.5,185.7,5,LOC_GPS,GCJ_02,DD_TAXI,DriverNotWorking
117.17703,40.49081,1448344903,9.6,192.6,5,LOC_GPS,GCJ_02,DD_TAXI,DriverNotWorking
117.17695,40.49051,1448344906,11.3,192.7,17,LOC_GPS,GCJ_02,DD_TAXI,DriverNotWorking
117.17687,40.49020,1448344909,11.3,193.6,15,LOC_GPS,GCJ_02,DD_TAXI,DriverNotWorking
117.17679,40.48990,1448344912,11.6,192.7,5,LOC_GPS,GCJ_02,DD_TAXI,DriverNotWorking
117.17668,40.48958,1448344915,12.2,192.8,16,LOC_GPS,GCJ_02,DD_TAXI,DriverNotWorking
117.17657,40.48926,1448344918,12.0,197.2,17,LOC_GPS,GCJ_02,DD_TAXI,DriverNotWorking
117.17643,40.48895,1448344921,12.3,199.7,18,LOC_GPS,GCJ_02,DD_TAXI,DriverNotWorking
117.17626,40.48864,1448344924,12.3,204.9,17,LOC_GPS,GCJ_02,DD_TAXI,DriverNotWorking
117.17605,40.48834,1448344927,12.4,208.9,16,LOC_GPS,GCJ_02,DD_TAXI,DriverNotWorking
117.17583,40.48803,1448344930,13.2,207.8,17,LOC_GPS,GCJ_02,DD_TAXI,DriverNotWorking
117.17562,40.48771,1448344933,13.2,208.0,15,LOC_GPS,GCJ_02,DD_TAXI,DriverNotWorking
117.17539,40.48739,1448344936,13.4,207.8,15,LOC_GPS,GCJ_02,DD_TAXI,DriverNotWorking
117.17517,40.48707,1448344939,12.7,206.7,14,LOC_GPS,GCJ_02,DD_TAXI,DriverNotWorking
117.17498,40.48677,1448344943,12.1,208.6,5,LOC_GPS,GCJ_02,DD_TAXI,DriverNotWorking
117.17477,40.48648,1448344946,12.3,207.0,5,LOC_GPS,GCJ_02,DD_TAXI,DriverNotWorking
117.17459,40.48619,1448344949,11.0,204.2,5,LOC_GPS,GCJ_02,DD_TAXI,DriverNotWorking
117.17446,40.48592,1448344952,9.5,192.7,5,LOC_GPS,GCJ_02,DD_TAXI,DriverNotWorking
117.17442,40.48568,1448344955,9.3,183.4,5,LOC_GPS,GCJ_02,DD_TAXI,DriverNotWorking
117.17443,40.48542,1448344958,9.7,176.7,6,LOC_GPS,GCJ_02,DD_TAXI,DriverNotWorking
117.17446,40.48515,1448344961,10.2,176.7,5,LOC_GPS,GCJ_02,DD_TAXI,DriverNotWorking
117.17448,40.48486,1448344964,10.2,177.5,5,LOC_GPS,GCJ_02,DD_TAXI,DriverNotWorking
117.17449,40.48458,1448344967,10.7,176.2,5,LOC_GPS,GCJ_02,DD_TAXI,DriverNotWorking
117.17451,40.48426,1448344970,12.0,177.5,6,LOC_GPS,GCJ_02,DD_TAXI,DriverNotWorking
117.17453,40.48394,1448344973,12.0,178.7,5,LOC_GPS,GCJ_02,DD_TAXI,DriverNotWorking
117.17456,40.48362,1448344976,11.7,173.0,5,LOC_GPS,GCJ_02,DD_TAXI,DriverNotWorking
117.17465,40.48331,1448344979,11.3,163.9,5,LOC_GPS,GCJ_02,DD_TAXI,DriverNotWorking
117.17477,40.48304,1448344982,10.6,162.3,5,LOC_GPS,GCJ_02,DD_TAXI,DriverNotWorking
117.17485,40.48288,1448344983,9.6,162.9,5,LOC_GPS,GCJ_02,DD_TAXI,DriverNotWorking
117.17485,40.48288,1448344984,9.6,162.9,5,LOC_GPS,GCJ_02,DD_TAXI,DriverNotWorking
117.17493,40.48264,1448344987,8.8,164.4,5,LOC_GPS,GCJ_02,DD_TAXI,DriverNotWorking
117.17503,40.48243,1448344990,8.2,158.5,5,LOC_GPS,GCJ_02,DD_TAXI,DriverNotWorking
117.17514,40.48227,1448344993,5.6,164.7,5,LOC_GPS,GCJ_02,DD_TAXI,DriverNotWorking
117.17512,40.48213,1448344996,5.0,203.8,5,LOC_GPS,GCJ_02,DD_TAXI,DriverNotWorking
117.17504,40.48202,1448344999,3.9,211.5,5,LOC_GPS,GCJ_02,DD_TAXI,DriverNotWorking
117.17498,40.48192,1448345003,3.2,204.6,5,LOC_GPS,GCJ_02,DD_TAXI,DriverNotWorking
117.17493,40.48182,1448345006,3.5,204.6,5,LOC_GPS,GCJ_02,DD_TAXI,DriverNotWorking
117.17487,40.48171,1448345009,4.7,208.8,5,LOC_GPS,GCJ_02,DD_TAXI,DriverNotWorking
117.17479,40.48160,1448345012,4.3,210.3,5,LOC_GPS,GCJ_02,DD_TAXI,DriverNotWorking


